{"cameraMode":{"drawMode":0,"name":"Shaded","section":"Shading Mode"},"sceneLighting":true,"audioPlay":false,"sceneViewState":{"m_AlwaysRefresh":false,"showFog":true,"showSkybox":true,"showFlares":true,"showImageEffects":true,"showParticleSystems":true,"showVisualEffectGraphs":true,"m_FxEnabled":true},"in2DMode":false,"pivot":{"x":6.134771347045898,"y":0.7012622356414795,"z":-4.8004679679870609},"rotation":{"x":-0.03560735657811165,"y":0.3357072174549103,"z":-0.012692243792116642,"w":-0.9412473440170288},"size":3.0961127281188967,"orthographic":true}